Name,src,target
000000," What do you think seems fun about this job?
 I like working with and getting to know new people!
", I take it you're very social then?
000001," What do you think seems fun about this job?
 I am eager to learn more about marketing and you have some very talented people here.
", Yes we really do. What are you eager to learn specifically?
000002," What do you think seems fun about this job?
 It's exiting to be part of such a big company. I have only worked at smaller firms before.
", And how do you think it will be to work in a bigger company?
000003," What do you think seems fun about this job?
 I think it sounds like an exiting project. I really like to dig in to something new.
", That's good. Do you ever get bored of repetetive tasks?
000004," What do you think seems fun about this job?
 The location is really good. I live only five minutes away.
", Yes it's a good location. Where do you live?
000005," What do you think seems fun about this job?
 The job description said it included a lot of variety. I think that sounds good
", Is variety in your job important to you?
000006," What do you think seems fun about this job?
 The job description said it included travelling. I like seeing new places and being on the move.
", Yes you would travel quite a lot during parts of the year.
000007," What do you think seems fun about this job?
 I like taking care of people. It makes me feel important!
"," I see, that sounds like a good quality for this job!"
000008," What do you think seems fun about this job?
 It seems like a challening project.
", Yes that's why we are looking for new competence. What is your experience with working in a team?
000009," You've applied for the job as fireman. What do you think is fun about this job?
 It makes me feel important to help people in difficult situations. 
", And how would you feel if you fail on a mission?
000011," You've applied for the job as clerk here. What do you think is fun about this job?
 I like to help people who are looking to buy something. It's very fun to recommend products to customers.
", Have you worked as a clerk before?
000012," You've applied for the job as taxi driver. What do you think is fun about this job?
 I've always liked driving cars, and getting somewhere is a fun puzzle to solve.
", And are you good at talking to customers? Would you describe yourself as social?
000013," You've applied for the job as nurse. What do you think is fun about this job?
 It's a job where a lot of things happen and I like always having something to do and not being passive.
", And have you worked as a nurse before?
000014," You've applied for the job as nurse. What do you think is fun about this job?
 It's a job where a lot of things happen and I like always having something to do and not being passive.
 And have you worked as a nurse before?
 Yes, for five years before my maternity leave.
", Okay and when can you start working?
000015," You have applied for the job as receptionist. What makes you a good fit?
 I like to talk to people and I'm always nice and pragmatic.
", I see. Can you give an example of a situation where it was difficult to do so?
000016," Is there anything you want to ask about this job?
 How do you like your collegues?
", I like my colleagues. Anything else?
000017," Is there anything you want to ask about this job?
 How do you like your collegues?
 I like my colleagues. Anything else?
 What is the salary?
", 25000 
000018," You have applied for the job as waiter. What makes you a good fit?
 I am observant and have a good memory
", I see. Can you give an example of a situation where it was difficult to do so?
000019," You have applied for the job as waiter. What makes you a good fit?
 I am observant and have a good memory
 I see. Can you give an example of a situation where it was difficult to do so?
 Once I had a customer that changed his order, and forgot that the order was changed. He was very upset that he did not remember that. I managed to remember him about the change.
", Is there anything you want to ask about this job?
000020," You have applied for the job as waiter. What makes you a good fit?
 I am observant and have a good memory
 I see. Can you give an example of a situation where it was difficult to do so?
 Once I had a customer that changed his order, and forgot that the order was changed. He was very upset that he did not remember that. I managed to remember him about the change.
 Is there anything you want to ask about this job?
 Is there a need for working overtime? I have small children and can have difficulties with that.
", Only occasionally. Anything else?
000021," You have applied for the job as waiter. What makes you a good fit?
 I am observant and have a good memory
 I see. Can you give an example of a situation where it was difficult to do so?
 Once I had a customer that changed his order, and forgot that the order was changed. He was very upset that he did not remember that. I managed to remember him about the change.
 Is there anything you want to ask about this job?
 Is there a need for working overtime? I have small children and can have difficulties with that.
 Only occasionally. Anything else?
 What is the salary?
", 20000 plus tips.
000022," You have applied for the job as manager for our warehouse. What makes you suitable for this position?
 I am good at organizing both people and administration.
", I understand. Can you give an example of a situation where it was difficult to do so?
000023," What is the most important for you in a management position?
 That responsabilites and authorities correspond.
", Yes you will have a proper job description. Anything else?
000024," What is the most important for you in a management position?
 That responsabilites and authorities correspond.
 Yes you will have a proper job description. Anything else?
 Is overtime financially compensated or do you offer an extra week of vacation?
", You will have an extra week of vacation 
000025," You have applied for the job as cleaner of our office. What about you as a person makes you a good cleaner?
 I like to clean and tidy up and I am very careful and efficent.
", I see. Can you give an example of a situation where it was difficult to do so?
000026," Is there anything you want to ask about this job?
 Will I be the only cleaner in the office?
"," No, there's another person you will work with."
000027," Is there anything you want to ask about this job?
 Will I be the only cleaner in the office?
 No, there's another person you will work with.
 During my vacation who will do the cleaning?
", We will hire a temp.
000028," You have applied for the job as controller. What makes you a good fit?
 I like figures and am well organised. I always deliver on time.
", I see. Can you give an example of a situation where it was difficult to do so?
000029," Is there anything you want to ask about this job?
 To whom will I report?
", Your manager will be the CFO. Anything else?
000030," Is there anything you want to ask about this job?
 To whom will I report?
 Your manager will be the CFO. Anything else?
 How many people work in finance?
"," There's five people in finance right now, but we might hire more people soon."
000031," You have applied for the job as finance assistant. What makes you a good fit?
 I am good at reading figures and am detail oriented. And I always deliver on time.
", Can you explain more about how you are detail oriented?
000032," You have applied for the job as IT-support of our office. What makes you a good fit?
 I like to clean and fix computers and I am very careful and efficent.
", I see. Can you give an example of a situation where it was difficult to do so?
000033," Is there anything you want to ask about this job?
 Will I be the only one in IT-support in the office?
", I like my colleagues. Anything else?
000034," Is there anything you want to ask about this job?
 Will I be the only one in IT-support in the office?
 I like my colleagues. Anything else?
 During my vacation who will do the support?
", we hire a student. 
000035," You have applied for the job as manager for the administration. What makes you a good fit?
 I have motivation for and sqills for administration.
", I see. Can you give an example of a situation where it was difficult to do so?
000036," You have applied for the job as manager for the administration. What makes you a good fit?
 I have motivation for and sqills for administration.
 I see. Can you give an example of a situation where it was difficult to do so?
 It when I hired the wrong person for the reception.
", What is the most important for you in a management position?
000037," You have applied for the job as manager for the administration. What makes you a good fit?
 I have motivation for and sqills for administration.
 I see. Can you give an example of a situation where it was difficult to do so?
 It when I hired the wrong person for the reception.
 What is the most important for you in a management position?
 Will I have proper instruktions?
", Yes you will have a proper jobdeskription. Anything else?
000038," You have applied for the job as manager for the administration. What makes you a good fit?
 I have motivation for and sqills for administration.
 I see. Can you give an example of a situation where it was difficult to do so?
 It when I hired the wrong person for the reception.
 What is the most important for you in a management position?
 Will I have proper instruktions?
 Yes you will have a proper jobdeskription. Anything else?
 how long have the present persons in the administration worked?
", 10 years
000039," You have applied for the job as manager for the administration. What makes you a good fit?
 I have motivation for and sqills for administration.
", I see. Can you give an example of a situation where it was difficult to do so?
000040," You have applied for the job as manager for the administration. What makes you a good fit?
 I have motivation for and sqills for administration.
 I see. Can you give an example of a situation where it was difficult to do so?
 It when I hired the wrong person for the reception.
", What is the most important for you in a managementposition?
000041," You have applied for the job as manager for the administration. What makes you a good fit?
 I have motivation for and sqills for administration.
 I see. Can you give an example of a situation where it was difficult to do so?
 It when I hired the wrong person for the reception.
 What is the most important for you in a managementposition?
 That responsabilites and authories correspond?
", Yes you will have a proper jobdeskription. Anything else?
000042," You have applied for the job as manager for the administration. What makes you a good fit?
 I have motivation for and sqills for administration.
 I see. Can you give an example of a situation where it was difficult to do so?
 It when I hired the wrong person for the reception.
 What is the most important for you in a managementposition?
 That responsabilites and authories correspond?
 Yes you will have a proper jobdeskription. Anything else?
 what will be my conditions if you employ me
", we follow the unions conditions
000043," You have applied for the job as controller. What makes you a good fit?
 I like figures and is well organised. I always deliver on time.
", I see. Can you give an example of a situation where it was difficult to do so?
000044," Is there anything you want to ask about this job?
 To whome will I report?
", Your manager will be the CFO. Anything else?
000045," Is there anything you want to ask about this job?
 To whome will I report?
 Your manager will be the CFO. Anything else?
 How many people work in finance?
", 5 
000046," You have applied for the job as finance assistent. What makes you a good fit?
 I am good at reading figures and is detailoriented. I always deliver on time.
", I see. Can you give an example of a situation where it was difficult to do so?
000047," You have applied for the job as IT-support of our office. What makes you a good fit?
 I like to clean and fix computers and I am very careful and efficent.
", I see. Can you give an example of a situation where it was difficult to do so?
000048," Is there anything you want to ask about this job?
 Will I be the only one in IT-support in the office?
", No we've got a team of four people working already.
000049," Is there anything you want to ask about this job?
 Will I be the only one in IT-support in the office?
 No we've got a team of four people working already.
 That's nice
", You have applied for the job as manager for our customer support. What makes you a good fit?
000050," Is there anything you want to ask about this job?
 Will I be the only one in IT-support in the office?
 No we've got a team of four people working already.
 That's nice
 You have applied for the job as manager for our customer support. What makes you a good fit?
 I am good at organizing, communicating with people and administration.
", Describe a situation where it was difficult to do so.
000051," You have applied for the job as manager. What makes you a good fit?
 I am very motivated and have skills to lead people.
", I see. Can you give an example of a situation where it was difficult to do so?
000052," You have applied for the job as carpenter. What makes you a good fit?
 I am good at working with many different tools.
"," Okay, and for how long have you been working as a carpenter?"
000053," What is most important for you in a this position?
 To have a guiding manager
", You will work close to your manager. Anything else?
000054," What is most important for you in a this position?
 To have a guiding manager
 You will work close to your manager. Anything else?
 what will be my conditions if you employ me
", We follow the conditions by the union
000055," You have applied for the job as receptionist. What makes you a good fit?
 I like to talk to people and I'm always nice and pragmatic.
", I see. Can you give an example of a situation where it was difficult to do so?
000056," Is there anything you want to ask about this job?
 How do you like your collegues?
", I like my colleagues. Anything else?
000057," Is there anything you want to ask about this job?
 How do you like your collegues?
 I like my colleagues. Anything else?
 What is the salary?
", 25000 
000058," What makes you a good fit as a car mechanic?
 I am very good at fixing cars.
", What kind of cars have you worked with?
000059," You have applied for the job as janitor. What do you think seems fun about this job?
 I like when things are clean, and I enjoy doing physical work. 
", Have you worked as a janitor before?
000060," You have applied for the job as teacher. What do you think seems fun about this job?
 I really love teaching kids. I gives me joy each morning when I go to work. 
", What are the school subjects that you have taught the most?
000061," You have applied for the job as secretary. What do you think seems fun about this job?
 I really like to work with other people, and by working as a secretary I will come in contact with a lot of different people.
", What would your perfect work day look like?
000062," If you are going to work as a janitor, it is good if you have experience from working with others. Can you tell me a little if you have such experience?
 When I was high school I would often do projects with the other students in my school. 
", What types of problems would you usually do?
000063," If you are going to work as a medical doctor, it is good if you have experience from working with others. Can you tell me a little if you have such experience?
 I volunteered as an assistant for doctors without borders when I started medical school. 
", Where did you volunteer?
000064," If you are going to work as an engineer, it is good if you have experience from working with others. Can you tell me a little if you have such experience?
 I have been working in several open source coding projects, where multiple programmers have to work together to get the code to run efficient. 
"," I see, so what type of open source projects have you worked on?"
000065," What is your best experience from your previous jobs?
 I have always liked to get to know my collegues. It is so much fun to talk to new people. 
", Are there any old collegues that you are still friends with?
000066," What is your best experience from your previous jobs?
 I like helping people, so when I worked as a nurse in the hospital I really felt that I made a difference in the world. 
", What type of work did you do in the hospital?
000067," What is your best experience from your previous jobs?
 I think that was when I worked as a teacher and I got to see the kids in my class understand a new subject. That was the best experince that I have ever had.
", What kind of teaching did you do?
000068," What is your best experience from your previous jobs?
 I don't know, it is hard to tell. There is not necessarily only one thing that I have enjoyed more than anything else. 
"," But if you had to choose one thing, what would it be?"
000069," What makes you fit well as a taxi driver?
 I love to drive, and I like to talk to people. I am also very good at remebering street names. 
", Are you a good driver?
000070," What makes you fit well as a chasier?
 I am friendly, I like to help people and I am quick at making simple calculations. 
", Is there anything related to being a chasier that you are not so good at?
000071," What makes you fit well as a nurse?
 I am kind, and I like the field of medicine.
", Have you any experince outisde of medicine that you think would be valuable when working as a nurse?
000072," What makes you fit well as a baby sitter?
 I enjoy to play, epescially to lay puzzles. 
", Do you have any younger siblings that you have taken care of before?
000073," Is there anything you want to ask about this job?
 I wonder what the pay is?
"," We pay 25.000 SEK each month. If you work overtime, you will get compensated for that as well. "
000074," Is there anything you want to ask about this job?
 Can I drive my taxi car with me in the evening?
", We do not allow our employees to bring home their cars in the evening. Is there anything else you would like to know?
000075," Is there anything you want to ask about this job?
 Can I drive my taxi car with me in the evening?
 We do not allow our employees to bring home their cars in the evening. Is there anything else you would like to know?
 Do you give me a uniform for my shifts?
", Yes. 
000076," Is there anything you want to ask about this job?
 No I do not think so. 
"," Great, we will let you know as soon as we have interviewed the other candidates as well"
000077," What is your best experience from your previous jobs?
 I really liked my work tasks, they gave me meaning. 
", Which work task did you enjoy the most?
000078," What makes you fit well as a cook?
 I love food, and I like to prepare food. 
", What is your favourite meal to prepare?
000079," What is your best experience from your previous jobs?
 Talking to new clients.
", Where were your clients from?
000080," What makes you fit well as a construction worker?
 I like details, and I am quite strong. 
", Do you have any other characteristics that would be suitable for the job?
000081," You have applied for the job as construction worker. What do you think seems fun about this job?
 In general, I like to build things. Being a part of that process really makes me want to perform. 
", Have you have any other experince in construction?
000082," If you are going to work as a mail man, it is good if you have experience from working with others. Can you tell me a little if you have such experience?
 I often organise parties in my neighbourhood. We are often 3 to 4 people who plan everything from the food to the music. 
", What is your role in those planning sessions?
000083," You have applied for the job as lead developer. What do you think seems fun about this job?
 I love to program and I love even more to tell other people what to do. 
", Do you think that you are a good leader?
000084," If you are going to work as a police officer, it is good if you have experience from working with others. Can you tell me a little if you have such experience?
 I worked in an office when I was 20. We did projects together all the time. 
", What kind of projects did you do?
000085," You have applied for the job as kindergarden teacher. What do you think seems fun about this job?
 I enjoy working with kids and I love to teach. 
", Do you have any children yourself?
000086," If you are going to work as a firefighter, it is good if you have experience from working with others. Can you tell me a little if you have such experience?
 I have worked as a firefighter before and we used to work in a team. 
", How many were you in your team?
000087," What makes you fit well as a manager?
 I believe that I have a good overview of things and I think that I can get the best out of employees.
", Do you have any management skills?
000088," Is there anything you want to ask about this job?
 When can I start?
", We are going through candidates but we hope that that the person we choose can start at the beginning of next month. 
000089," What is your experience with working with sales?
 I have worked in a fashion store selling clothes. I was responsible for opening and closing the store as well as the cashier. When I was younger, I also worked with telemarketing.
", For how long did you work with telemarketing?
000090," What is your experience with working with sales?
 I have worked in a fashion store selling clothes. I was responsible for opening and closing the store as well as the cashier. When I was younger, I also worked with telemarketing.
 For how long did you work with telemarketing?
 3 months
", What did you learn by working with telemarketing?
000091," There is a hole in your resume around the year 2014. What happened then?
 I was on maternity leave and after that I did not find a job immediately.
", I see. 
000092," Tell me a bit about yourself.
 I am 45 years old, married with two kids. I am currently unemployed but I am very motivated to work.
", How long have you been unemployed.
000093," Tell me a bit about yourself.
 I am 45 years old, married with two kids. I am currently unemployed but I am very motivated to work.
 How long have you been unemployed.
 Two years
", I see. What was the last job you had.
000094," What made you apply to this particular job?
 I always liked to work with sales as I consider myself good at dealing with people.
", Great. Tell me more about your experience of working with sales and people relations.
000095," What made you apply to this particular job?
 I always liked to work with sales as I consider myself good at dealing with people.
 Great. Tell me more about your experience of working with sales and people relations.
 I worked for 5 years at an Office Supply company with internal and external sales.
", What were your responsibilites at this company?
000096," How do you cope with working under stress?
 I am fine with that. I am used to working under stress.
", Great. Could you give me an example of a job you have had where you had to handle stress?
000097," What did your last employer like most about you?
 They liked that I was very organized in my work, positive, and reliable.
", Do you take pride in being organized in your work?
000098," Where do you see yourself in 5 years
 I am aiming at becoming a manager of this branch
", Do you have any work experience of being a manager?
000099," Where do you see yourself in 5 years
 I am aiming at becoming a manager of this branch
 Do you have any work experience of being a manager?
 No, not yet.
", Do you have any study background in terms of leadership and organization?
000100," You have applied for a position in customer support. What kind of skills do you have that make you a good fit?
 I am very friendly with people and like to make customers satisfied. 
", How do you make customers satisfied?
000101," You have applied for a teaching position. What kind of skills do you have that make you a good teacher?
 I am good at explaining things and making learning fun!
"," That sounds interesting, can you talk a little more about how you make learning fun?"
000102," What’s your best experience from your previous jobs?
 I worked with a nice manager in my second job. It was great.
", What made your manager nice to work with?
000103," What’s your best experience from your previous jobs?
 I worked with a nice manager in my second job. It was great.
", What made your manager nice to work with?
000104," Welcome to this interview!
 Thank you very much.
", How was your trip? Was it hard to find your way here?
000105," Welcome to this interview!
 Thank you very much.
 How was your trip? Was it hard to find your way here?
 No, not at all. I am familiar with this part of town since before.
", That is great to hear. Would you like a cup of coffee before we start?
000106," Welcome to this interview!
 Thank you very much.
", How was your trip? Was it hard to find your way here?
000107," Welcome to this interview!
 Thank you very much.
 How was your trip? Was it hard to find your way here?
 No, not at all. I am familiar with this part of town since before.
", That is great to hear. Would you like a cup of coffee before we start?
000108," Welcome to this interview!
 Thank you very much.
 How was your trip? Was it hard to find your way here?
 No, not at all. I am familiar with this part of town since before.
 That is great to hear. Would you like a cup of coffee before we start?
 No thank you, I am fine.
", A glass of water then?
000109," Welcome to this interview!
 Thank you very much.
", How was your trip? Was it hard to find your way here?
000110," Welcome to this interview!
 Thank you very much.
 How was your trip? Was it hard to find your way here?
 I had some troubles yes, but I managed to find my way just in time.
"," Yes I can imagine, it is a rather unknown neighbourhood. Anyhow, would you like a cup of coffee before we start?"
000111," Welcome to this interview!
 Thank you very much.
", How was your trip? Was it hard to find your way here?
000112," Welcome to this interview!
 Thank you very much.
 How was your trip? Was it hard to find your way here?
 I had some troubles yes, but I managed to find my way just in time.
"," Yes I can imagine, it is a rather unknown neighbourhood. Anyhow, would you like a cup of coffee before we start?"
000113," Welcome to this interview!
 Thank you very much.
 How was your trip? Was it hard to find your way here?
 I had some troubles yes, but I managed to find my way just in time.
 Yes I can imagine, it is a rather unknown neighbourhood. Anyhow, would you like a cup of coffee before we start?
 No thank you, but I would like a cup of tea. I am actually not a big fan of coffee.
"," Of course, I will get you a cup of tea."
000114," So, can you tell me a bit about yourself?
 Sure. I am 27 years old and I have worked mostly within construction before. I got laid off due to economical reasons, where the company went bankrupt.
"," Oh, that must have been quite dramatic. Were there any specific reason they went bankrupt?"
000115," So, can you tell me a bit about yourself?
 Sure. I am 27 years old and I have worked mostly within construction before. I got laid off due to economical reasons, where the company went bankrupt.
 Oh, that must have been quite dramatic. Were there any specific reason they went bankrupt?
 I am not sure, I think it was a mix of bad luck and a recess in economy.
"," I see, and now you are thinking of moving to another industry?"
000116," What makes you want to change career paths at this time?
 Well, sometimes you come to a certain point in life where you feel that you are ready for new challenges, and a new day to day life.
"," I see, and what interests you the most about this job?"
000117," You have applied for the job as receptionist. What makes you a good fit?
 I like to talk to people and I'm always nice and pragmatic.
", I see. Can you give an example of a situation where it was difficult to do so?
000118," Is there anything you want to ask about this job?
 How do you like your collegues?
", I like my colleagues. Anything else?
000119," Is there anything you want to ask about this job?
 How do you like your collegues?
 I like my colleagues. Anything else?
 What is the salary?
", 25000 
000120," You have applied for the job as waiter. What makes you a good fit?
 I am observant and have a good memory
", I see. Can you give an example of a situation where it was difficult to do so?
000121," You have applied for the job as waiter. What makes you a good fit?
 I am observant and have a good memory
 I see. Can you give an example of a situation where it was difficult to do so?
 Once I had a customer that changed his order, and forgot that the order was changed. He was very upset that he did not remember that. I managed to remember him about the change.
", Is there anything you want to ask about this job?
000122," You have applied for the job as waiter. What makes you a good fit?
 I am observant and have a good memory
 I see. Can you give an example of a situation where it was difficult to do so?
 Once I had a customer that changed his order, and forgot that the order was changed. He was very upset that he did not remember that. I managed to remember him about the change.
 Is there anything you want to ask about this job?
 Is there a need for working overtime? I have small children and can have difficulties with that.
", Only occasionally. Anything else?
000123," You have applied for the job as waiter. What makes you a good fit?
 I am observant and have a good memory
 I see. Can you give an example of a situation where it was difficult to do so?
 Once I had a customer that changed his order, and forgot that the order was changed. He was very upset that he did not remember that. I managed to remember him about the change.
 Is there anything you want to ask about this job?
 Is there a need for working overtime? I have small children and can have difficulties with that.
 Only occasionally. Anything else?
 What is the salary?
", 20000 plus tips.
000124," You have applied for the job as manager for our warehouse. What makes you suitable for this position?
 I am good at organizing both people and administration.
", I understand. Can you give an example of a situation where it was difficult to do so?
000125," What is the most important for you in a management position?
 That responsabilites and authorities correspond.
", Yes you will have a proper job description. Anything else?
000126," What is the most important for you in a management position?
 That responsabilites and authorities correspond.
 Yes you will have a proper job description. Anything else?
 Is overtime financially compensated or do you offer an extra week of vacation?
", You will have an extra week of vacation 
000127," You have applied for the job as cleaner of our office. What about you as a person makes you a good cleaner?
 I like to clean and tidy up and I am very careful and efficent.
", I see. Can you give an example of a situation where it was difficult to do so?
000128," Is there anything you want to ask about this job?
 Will I be the only cleaner in the office?
"," No, there's another person you will work with."
000129," Is there anything you want to ask about this job?
 Will I be the only cleaner in the office?
 No, there's another person you will work with.
 During my vacation who will do the cleaning?
", We will hire a temp.
000130," You have applied for the job as controller. What makes you a good fit?
 I like figures and am well organised. I always deliver on time.
", I see. Can you give an example of a situation where it was difficult to do so?
000131," Is there anything you want to ask about this job?
 To whom will I report?
", Your manager will be the CFO. Anything else?
000132," Is there anything you want to ask about this job?
 To whom will I report?
 Your manager will be the CFO. Anything else?
 How many people work in finance?
"," There's five people in finance right now, but we might hire more people soon."
000133," You have applied for the job as finance assistant. What makes you a good fit?
 I am good at reading figures and am detail oriented. And I always deliver on time.
", Can you explain more about how you are detail oriented?
000134," You have applied for the job as IT-support of our office. What makes you a good fit?
 I like to clean and fix computers and I am very careful and efficent.
", I see. Can you give an example of a situation where it was difficult to do so?
000135," Is there anything you want to ask about this job?
 Will I be the only one in IT-support in the office?
", I like my colleagues. Anything else?
000136," Is there anything you want to ask about this job?
 Will I be the only one in IT-support in the office?
 I like my colleagues. Anything else?
 During my vacation who will do the support?
", we hire a student. 
000137," You have applied for the job as manager for our customer support. What makes you a good fit?
 I am good at organizing and communication with people and administration.
", I see. Can you give an example of a situation where it was difficult to do so?
000138," You have applied for the job as manager for our customer support. What makes you a good fit?
 I am good at organizing and communication with people and administration.
 I see. Can you give an example of a situation where it was difficult to do so?
 It happend that som goods where placed on the wrong shelf and difficult to find.
", What is the most important for you in a mamagement position?
000139," You have applied for the job as manager for our customer support. What makes you a good fit?
 I am good at organizing and communication with people and administration.
 I see. Can you give an example of a situation where it was difficult to do so?
 It happend that som goods where placed on the wrong shelf and difficult to find.
 What is the most important for you in a mamagement position?
 That responsabilites and authories correspond?
", Yes you will have a proper jobdeskription. Anything else?
000140," You have applied for the job as manager for our customer support. What makes you a good fit?
 I am good at organizing and communication with people and administration.
 I see. Can you give an example of a situation where it was difficult to do so?
 It happend that som goods where placed on the wrong shelf and difficult to find.
 What is the most important for you in a mamagement position?
 That responsabilites and authories correspond?
 Yes you will have a proper jobdeskription. Anything else?
 Is overtime compensated payed or do you offer an extra week of vacation?
", You will have an extra week of vacation 
000141," You have applied for the job as manager for the administration. What makes you a good fit?
 I have motivation for and sqills for administration.
", I see. Can you give an example of a situation where it was difficult to do so?
000142," You have applied for the job as manager for the administration. What makes you a good fit?
 I have motivation for and sqills for administration.
 I see. Can you give an example of a situation where it was difficult to do so?
 It when I hired the wrong person for the reception.
", What is the most important for you in a managementposition?
000143," You have applied for the job as manager for the administration. What makes you a good fit?
 I have motivation for and sqills for administration.
 I see. Can you give an example of a situation where it was difficult to do so?
 It when I hired the wrong person for the reception.
 What is the most important for you in a managementposition?
 Will I have proper instructions
", Yes you will have a proper job description. Anything else?
000144," You have applied for the job as manager for the administration. What makes you a good fit?
 I have motivation for and sqills for administration.
 I see. Can you give an example of a situation where it was difficult to do so?
 It when I hired the wrong person for the reception.
 What is the most important for you in a managementposition?
 Will I have proper instructions
 Yes you will have a proper job description. Anything else?
 how long have the present persons in the administration worked?
", 10 years
000145," You have applied for the job as manager for the marketing division. What makes you a good fit?
 I have a long experince in marketing in the distribution area
", I see. Can you give an example of a situation where it was difficult to do so?
000146," You have applied for the job as manager for the marketing division. What makes you a good fit?
 I have a long experince in marketing in the distribution area
 I see. Can you give an example of a situation where it was difficult to do so?
 When the market for newpapers went down I did not know what way to direct my people
", What is the most important for you in a management position?
000147," You have applied for the job as manager for the marketing division. What makes you a good fit?
 I have a long experince in marketing in the distribution area
 I see. Can you give an example of a situation where it was difficult to do so?
 When the market for newpapers went down I did not know what way to direct my people
 What is the most important for you in a management position?
 That responsabilites and authories correspond?
", Yes you will have a proper job description. Anything else?
000148," You have applied for the job as manager for the marketing division. What makes you a good fit?
 I have a long experince in marketing in the distribution area
 I see. Can you give an example of a situation where it was difficult to do so?
 When the market for newpapers went down I did not know what way to direct my people
 What is the most important for you in a management position?
 That responsabilites and authories correspond?
 Yes you will have a proper job description. Anything else?
 how long have the present persons in the marketing worked?
", 7 years
000149," You have applied for the job as manager for the administration. What makes you a good fit?
 I have motivation for and skills for administration.
", I see. Can you give an example of a situation where it was difficult to do so?
000150," You have applied for the job as manager for the administration. What makes you a good fit?
 I have motivation for and skills for administration.
 I see. Can you give an example of a situation where it was difficult to do so?
 When I hired the wrong person for the reception.
", Why was it the wrong person?
000151," You have applied for the job as manager for the administration. What makes you a good fit?
 I have motivation for and skills for administration.
 I see. Can you give an example of a situation where it was difficult to do so?
 When I hired the wrong person for the reception.
 Why was it the wrong person?
 The person did not take responsibility over their job.
", What did you do about the situation?
000152," You have applied for the job as controller. What makes you a good fit?
 I like figures and is well organised. I always deliver on time.
", I see. Can you give an example of a situation where it was difficult to do so?
000153," You have applied for the job as controller. What makes you a good fit?
 I like figures and is well organised. I always deliver on time.
 I see. Can you give an example of a situation where it was difficult to do so?
 Once I did not recieve material in time from one of the employees and managed to explain in a nice way how important it was for the company to deliver reports on deadline.
", Is there anything you want to ask about this job?
000154," You have applied for the job as controller. What makes you a good fit?
 I like figures and is well organised. I always deliver on time.
 I see. Can you give an example of a situation where it was difficult to do so?
 Once I did not recieve material in time from one of the employees and managed to explain in a nice way how important it was for the company to deliver reports on deadline.
 Is there anything you want to ask about this job?
 To whome will I report?
", Your manager will the CFO. Anything else?
000155," You have applied for the job as controller. What makes you a good fit?
 I like figures and is well organised. I always deliver on time.
 I see. Can you give an example of a situation where it was difficult to do so?
 Once I did not recieve material in time from one of the employees and managed to explain in a nice way how important it was for the company to deliver reports on deadline.
 Is there anything you want to ask about this job?
 To whome will I report?
 Your manager will the CFO. Anything else?
 How many people work in finance?
", 5 
000156," You have applied for the job as finance assistent. What makes you a good fit?
 I am good at reading figures and is detailoriented. I always deliver on time.
", I see. Can you give an example of a situation where it was difficult to do so?
000157," You have applied for the job as IT-support of our office. What makes you a good fit?
 I like to clean and fix computers and I am very careful and efficent.
", I see. Can you give an example of a situation where it was difficult to do so?
000158," You have applied for the job as IT-support of our office. What makes you a good fit?
 I like to clean and fix computers and I am very careful and efficent.
 I see. Can you give an example of a situation where it was difficult to do so?
 Once I was denied access to a computer and had to ask the person to finish his job to make it possible for me to fix the problem.
", Is there anything you want to ask about this job?
000159," You have applied for the job as IT-support of our office. What makes you a good fit?
 I like to clean and fix computers and I am very careful and efficent.
 I see. Can you give an example of a situation where it was difficult to do so?
 Once I was denied access to a computer and had to ask the person to finish his job to make it possible for me to fix the problem.
 Is there anything you want to ask about this job?
 Will I be the only one in IT-support in the office?
", No we've got a team of four people working already.
000160," You have applied for the job as IT-support of our office. What makes you a good fit?
 I like to clean and fix computers and I am very careful and efficent.
 I see. Can you give an example of a situation where it was difficult to do so?
 Once I was denied access to a computer and had to ask the person to finish his job to make it possible for me to fix the problem.
 Is there anything you want to ask about this job?
 Will I be the only one in IT-support in the office?
 No we've got a team of four people working already.
 That's nice
", You have applied for the job as manager for our customer support. What makes you a good fit?
000161," You have applied for the job as IT-support of our office. What makes you a good fit?
 I like to clean and fix computers and I am very careful and efficent.
 I see. Can you give an example of a situation where it was difficult to do so?
 Once I was denied access to a computer and had to ask the person to finish his job to make it possible for me to fix the problem.
 Is there anything you want to ask about this job?
 Will I be the only one in IT-support in the office?
 No we've got a team of four people working already.
 That's nice
 You have applied for the job as manager for our customer support. What makes you a good fit?
 I am good at organizing, communicating with people and administration.
", Describe a situation where it was difficult to do so.
000162," You have applied for the job as manager. What makes you a good fit?
 I am very motivated and have skills to lead people.
", I see. Can you give an example of a situation where it was difficult to do so?
000163," You have applied for the job as carpenter. What makes you a good fit?
 I am good at working with many different tools.
"," Okay, and for how long have you been working as a carpenter?"
000164," What is most important for you in a this position?
 To have a guiding manager
", You will work close to your manager. Anything else?
000165," What is most important for you in a this position?
 To have a guiding manager
 You will work close to your manager. Anything else?
 what will be my conditions if you employ me
", We follow the conditions by the union
000166,"we would like to know what you think about working in a rehabilitation company
I am a positive person and believe in people's own possibilites and respect for integrity
",tell me about your education?
000167,"we would like to know what you think about working in a rehabilitation company
I am a positive person and believe in people's own possibilites and respect for integrity
tell me about your education?
I have an education in sociologi
", what do you know about us?
000168,"we would like to know what you think about working in a rehabilitation company
I am a positive person and believe in people's own possibilites and respect for integrity
tell me about your education?
I have an education in sociologi
 what do you know about us?
 I know you as a company with a positive attitude to employees
", when can you start?
000169,"why are you applying for this job?
 I am unemployed.
", What have you been doing before?
000170,"why are you applying for this job?
 I am unemployed.
 What have you been doing before?
 I have been working as secretary
",do you have an education for administration?
000171,"why are you applying for this job?
 I am unemployed.
 What have you been doing before?
 I have been working as secretary
do you have an education for administration?
 no, but I learn quickly
",what are your strongast characteristics?
000172," what makes you interested in working in a nursery school?
 I like children an I am very patient
", do you have any experience from working with children
000173," what makes you interested in working in a nursery school?
 I like children an I am very patient
 do you have any experience from working with children
 no but I always had to take care of my brothers and sisters
", do you  have any references that can prove your personality?
000174," what makes you interested in working in a nursery school?
 I like children an I am very patient
 do you have any experience from working with children
 no but I always had to take care of my brothers and sisters
 do you  have any references that can prove your personality?
 yes my teachers from high school 
", when can you start?
000175,"will you be our next employee?
 that is what I hope
",what qualifications do you have ?
000176,"will you be our next employee?
 that is what I hope
what qualifications do you have ?
 I just finished school, but I am fluent in different languages like french and german
", how familiar are you with administrative IT-programs?
000177,"will you be our next employee?
 that is what I hope
what qualifications do you have ?
 I just finished school, but I am fluent in different languages like french and german
 how familiar are you with administrative IT-programs?
 I have primarily worked in windows programs like word
", how long have you been in Sweden?
000178," you want to work as laboratory assistant. Is that correct?
 Yes it has always been my dream to analyse specimen
", do you have education for this job and experience?
000179," you want to work as laboratory assistant. Is that correct?
 Yes it has always been my dream to analyse specimen
 do you have education for this job and experience?
 I just got my diploma after examination but have no practical experience
", what do you know about our company?
000180," you want to work as laboratory assistant. Is that correct?
 Yes it has always been my dream to analyse specimen
 do you have education for this job and experience?
 I just got my diploma after examination but have no practical experience
 what do you know about our company?
 I have studied your webpage and it seems like a good working place.
"," we belong to a union, are you member of a union?"
000181," I see you have applied for a job as car mechanic
 Yes I always loved to cars.
", Have you any experience since before?
000182," I see you have applied for a job as car mechanic
 Yes I always loved to cars.
 Have you any experience since before?
 My father is a mechanical working in his own garage, and I have often helped him
", are you updated with the latest technology for cars?
000183," I see you have applied for a job as car mechanic
 Yes I always loved to cars.
 Have you any experience since before?
 My father is a mechanical working in his own garage, and I have often helped him
 are you updated with the latest technology for cars?
 quite well
", how would you describe yourself?
000184,"I see you have long experience of working in hospitals. How do you describe your personality?
I am kind and caring. I am considerate towards patients and detail oriented.
"," this job can be quite heavy, are you physically prepared for this?"
000185,"I see you have long experience of working in hospitals. How do you describe your personality?
I am kind and caring. I am considerate towards patients and detail oriented.
 this job can be quite heavy, are you physically prepared for this?
 Yes I am strong but I presume I will work together with a colleague.
", Are you prepared to work full time or part time?
000186,"I see you have long experience of working in hospitals. How do you describe your personality?
I am kind and caring. I am considerate towards patients and detail oriented.
 this job can be quite heavy, are you physically prepared for this?
 Yes I am strong but I presume I will work together with a colleague.
 Are you prepared to work full time or part time?
 I can adjust to your needs
", how old are you?
000187," what make you think you will be a good fireman?
 I have a good physique and I have no problems working night shifts.
", Do you have a family?
000188," what make you think you will be a good fireman?
 I have a good physique and I have no problems working night shifts.
 Do you have a family?
 Yes a wife and two children
", have you any experience before?
000189," what make you think you will be a good fireman?
 I have a good physique and I have no problems working night shifts.
 Do you have a family?
 Yes a wife and two children
 have you any experience before?
yes, but not from this area
", will you accept a trial period of 6 months?
000190," You have applied to a position as police man? What makes you think you could work as a police man
 I have the education and has worked 4 years in another town.
", are you aware of the working hours in this position?
000191," You have applied to a position as police man? What makes you think you could work as a police man
 I have the education and has worked 4 years in another town.
 are you aware of the working hours in this position?
 Yes.
", describe your strongest personality trait
000192," You have applied to a position as police man? What makes you think you could work as a police man
 I have the education and has worked 4 years in another town.
 are you aware of the working hours in this position?
 Yes.
 describe your strongest personality trait
 I am calm and have a strong mind
", and you weak sides?
000193," you are looking for a job as contrution worker. Why are you applying this job?
 I have heard you have a code of conduct that would fit me
", How would you descibe a perfect manager?
000194," you are looking for a job as contrution worker. Why are you applying this job?
 I have heard you have a code of conduct that would fit me
 How would you descibe a perfect manager?
 a person who is strict and fair
", in what area of construction have you worked before?
000195," you are looking for a job as contrution worker. Why are you applying this job?
 I have heard you have a code of conduct that would fit me
 How would you descibe a perfect manager?
 a person who is strict and fair
 in what area of construction have you worked before?
 house building as a bricklayer
", are you used to work overtime?
000196," What's your best experience from your previous jobs?
 I used to work at a small firm where we had a very tight team. It felt like a group of friends who happened to work together.
"," I understand, because that's how I feel about working here!"
000197," What's your best experience from your previous jobs?
 In my second job at IKEA I had a really nice manager that I clicked with.
", Tell me a little more about what was good about that.
000198," What's your best experience from your previous jobs?
 In my last job I had a very experienced senior who taught me a lot about programming.
", Did you work closely together with this person for a long time? What was the most valuably lesson they taught you?
000199," What's your best experience from your previous jobs?
 I worked in a place where I had a lot of freedom in my working hours. I liked being able to set my own schedule sometimes.
"," That sounds nice, but I'm not sure we can offer that flexibility here."
000200," What's your best experience from your previous jobs?
 I recently had a temporary position as event organiser which I thought was super fun, although challenging at times.
", What made it challenging? And what did you learn? 
000201," What's your best experience from your previous jobs?
 I don't know
"," Okay, I see. What about your best colleague?"
000202," What's your best experience from your previous jobs?
 I don't know
 Okay, I see. What about your best colleague?
 I worked with a really cool girl in my last job. 
", What about her was cool?
000203," What's your best experience from your previous jobs?
 When I worked for a political party when I was young. 
", What made it a good experience?
000204," What's your best experience from your previous jobs?
 When I worked for a political party when I was young. 
 What made it a good experience?
 It felt like a community and it was very meaningful for me to work there.
", That sounds inspirational!
000205," What's your best experience from your previous jobs?
 I worked with software testing of an app when I was a student. It was my first real job experience and I learnt a lot.
", What kind of sofware did you test? What was the app called?
000206," What's your best experience from your previous jobs?
 I had a part time job when I finished my studies, and it was really nice to get a foot into the job market before I was actually finished.
", What kind of a part time job was it?
000207," What's your best experience from your previous jobs?
 When I lived in Canada, I worked as a cleaner at a small family business. Everyone was very friendly and it was always fun to go to work.
", Would you say that you felt at home there?
000208," What makes you fit well as a police?
 I think that I am very good at talking to people in difficult situations. I am good at being calm even though I am in a pressed situation.
"," Okay, can you describe a situation where you had to stay calm?"
000209," What makes you fit well as a construction worker?
 I've always been good at working physically. I think it's fun.
", What about it makes it fun? Are you also good at working with others?
000210," What makes you a good shop clerk?
 I am organised and have a good memory, so I am good at helping customers find what they are looking for.
", That sounds good. And how are you with people?
000211," What makes you a good shop clerk?
 I am organised and have a good memory, so I am good at helping customers find what they are looking for.
 That sounds good. And how are you with people?
 In what way?
", I am wondering if you think of yourself as a social person?
000212," What makes you fit well as a taxi driver?
 I'm good at driving cars. 
"," Okay, for how long have you had your license?"
000213," What makes you fit well as a nurse?
 I am friendly with people, and am very good at calming sick people.
", How do you handle someone who isn't calm?
000214," What makes you fit well as a nurse?
 I am friendly with people, and am very good at calming sick people.
 How do you handle someone who isn't calm?
 I carefully explain what is going on and explain the medical procedure.
", And if that does not work?
000215," What makes you fit well as a teacher?
 I find value in teaching others.
", Do you ever have any problem when people don't want to learn?
000216," What makes you fit well as a doctor?
 I'm very intelligent and to cure sick people is what drives me. It's something I've dreamed of since I was a child.
", So you take a lot of pride in your work?
000217," What makes you fit well as a chef?
 I have always loved cooking food. 
", For how long have you worked in the kitchen? 
000218," What makes you fit well as a waiter?
 I have fast reflexes and like when things are fast paced.
", And how do you handle stress when things are hectic for a long time?
